{"cameraMode":{"drawMode":0,"name":"Shaded","section":"Shading Mode"},"sceneLighting":false,"audioPlay":false,"sceneViewState":{"showFog":true,"showMaterialUpdate":false,"showSkybox":false,"showFlares":true,"showImageEffects":true,"showParticleSystems":true},"in2DMode":false,"pivot":{"x":0.18429231643676759,"y":0.012090295553207398,"z":-0.07619595527648926},"rotation":{"x":0.044318195432424548,"y":0.38279545307159426,"z":-0.018388347700238229,"w":0.9225862622261047},"size":2.8940820693969728,"orthographic":false}