{"cameraMode":{"drawMode":0,"name":"Shaded","section":"Shading Mode"},"sceneLighting":false,"audioPlay":false,"sceneViewState":{"showFog":true,"showMaterialUpdate":false,"showSkybox":false,"showFlares":true,"showImageEffects":true,"showParticleSystems":true},"in2DMode":false,"pivot":{"x":0.06551951169967652,"y":-0.004719138145446777,"z":0.0388849675655365},"rotation":{"x":0.004158914089202881,"y":0.38184624910354617,"z":-0.0017183698946610094,"w":0.9242148995399475},"size":5.588349342346191,"orthographic":false}