{"cameraMode":{"drawMode":0,"name":"Shaded","section":"Shading Mode"},"sceneLighting":false,"audioPlay":false,"sceneViewState":{"showFog":true,"showMaterialUpdate":false,"showSkybox":false,"showFlares":true,"showImageEffects":true,"showParticleSystems":true},"in2DMode":false,"pivot":{"x":-0.488927960395813,"y":0.527933657169342,"z":0.1596050262451172},"rotation":{"x":0.021628832444548608,"y":0.9736226201057434,"z":-0.10439074784517288,"w":0.2017272412776947},"size":8.246673583984375,"orthographic":false}