{"cameraMode":{"drawMode":0,"name":"Shaded","section":"Shading Mode"},"sceneLighting":false,"audioPlay":false,"sceneViewState":{"showFog":true,"showMaterialUpdate":false,"showSkybox":false,"showFlares":true,"showImageEffects":true,"showParticleSystems":true},"in2DMode":false,"pivot":{"x":36.08882522583008,"y":-20.32724380493164,"z":-37.28090286254883},"rotation":{"x":0.06618726998567581,"y":0.9133808016777039,"z":-0.16508807241916657,"w":0.36619773507118227},"size":61.605369567871097,"orthographic":false}